id,Local Date,Local Time,Username,Product ID,Version,Type,Event1,1/29/2017,8:53:30 PM,"Abhishek",DBM C#,1122,"App","Program Started"
2,1/29/2017,8:53:30 PM,"Abhishek",DBM C#,1122,"Debug","Start up GUI"
3,1/29/2017,8:53:32 PM,"Abhishek",DBM C#,1122,"UI","Startup Time: 6821.71 (ms)"
4,1/29/2017,8:53:32 PM,"Abhishek",DBM C#,1122,"UI","Debug Mode is ON"
5,1/29/2017,8:53:32 PM,"Abhishek",DBM C#,1122,"System","LDList.GetAt : Index was out of range. Must be non-negative and less than the size of the collection.
Parameter name: index"
6,1/29/2017,8:54:15 PM,"Abhishek",DBM C#,1122,"App","Program Started"
7,1/29/2017,8:54:15 PM,"Abhishek",DBM C#,1122,"Debug","Start up GUI"
8,1/29/2017,8:54:15 PM,"Abhishek",DBM C#,1122,"UI","Startup Time: 262.57 (ms)"
9,1/29/2017,8:54:15 PM,"Abhishek",DBM C#,1122,"UI","Debug Mode is ON"
10,1/29/2017,8:54:15 PM,"Abhishek",DBM C#,1122,"System","LDList.GetAt : Index was out of range. Must be non-negative and less than the size of the collection.
Parameter name: index"
11,1/30/2017,3:47:05 PM,"Abhishek",DBM C#,1122,"App","Program Started"
12,1/30/2017,3:47:05 PM,"Abhishek",DBM C#,1122,"Debug","Start up GUI"
13,1/30/2017,3:47:08 PM,"Abhishek",DBM C#,1122,"UI","Startup Time: 5858.43 (ms)"
14,1/30/2017,3:47:08 PM,"Abhishek",DBM C#,1122,"UI","Debug Mode is ON"
15,1/30/2017,3:49:09 PM,"Abhishek",DBM C#,1122,"App","Program Started"
16,1/30/2017,3:49:09 PM,"Abhishek",DBM C#,1122,"Debug","Start up GUI"
17,1/30/2017,3:49:11 PM,"Abhishek",DBM C#,1122,"UI","Startup Time: 4970.77 (ms)"
18,1/30/2017,3:49:11 PM,"Abhishek",DBM C#,1122,"UI","Debug Mode is ON"
19,1/30/2017,3:56:06 PM,"Abhishek",DBM C#,1122,"App","Program Started"
20,1/30/2017,3:56:06 PM,"Abhishek",DBM C#,1122,"Debug","Start up GUI"
21,1/30/2017,3:56:09 PM,"Abhishek",DBM C#,1122,"UI","Startup Time: 5291.08 (ms)"
22,1/30/2017,3:56:09 PM,"Abhishek",DBM C#,1122,"UI","Debug Mode is ON"
23,1/30/2017,3:56:35 PM,"Abhishek",DBM C#,1122,"App","Program Started"
24,1/30/2017,3:56:35 PM,"Abhishek",DBM C#,1122,"Debug","Start up GUI"
25,1/30/2017,3:56:38 PM,"Abhishek",DBM C#,1122,"UI","Startup Time: 5088.22 (ms)"
26,1/30/2017,3:56:38 PM,"Abhishek",DBM C#,1122,"UI","Debug Mode is ON"
27,1/30/2017,5:42:12 PM,"Abhishek",DBM C#,1122,"App","Program Started"
28,1/30/2017,5:42:12 PM,"Abhishek",DBM C#,1122,"Debug","Start up GUI"
29,1/30/2017,5:42:14 PM,"Abhishek",DBM C#,1122,"UI","Startup Time: 8188.96 (ms)"
30,1/30/2017,5:42:15 PM,"Abhishek",DBM C#,1122,"UI","Debug Mode is ON"
31,1/30/2017,5:43:09 PM,"Abhishek",DBM C#,1122,"App","Program Started"
32,1/30/2017,5:43:09 PM,"Abhishek",DBM C#,1122,"Debug","Start up GUI"
33,1/30/2017,5:43:11 PM,"Abhishek",DBM C#,1122,"UI","Startup Time: 5073.41 (ms)"
34,1/30/2017,5:43:11 PM,"Abhishek",DBM C#,1122,"UI","Debug Mode is ON"
35,1/30/2017,5:43:42 PM,"Abhishek",DBM C#,1122,"App","Program Started"
36,1/30/2017,5:43:42 PM,"Abhishek",DBM C#,1122,"Debug","Start up GUI"
37,1/30/2017,5:43:45 PM,"Abhishek",DBM C#,1122,"UI","Startup Time: 4867.56 (ms)"
38,1/30/2017,5:43:45 PM,"Abhishek",DBM C#,1122,"UI","Debug Mode is ON"
39,2/10/2017,4:08:56 PM,"Abhishek",DBM C#,1122,"App","Program Started"
40,2/10/2017,4:08:56 PM,"Abhishek",DBM C#,1122,"Debug","Start up GUI"
41,2/10/2017,4:08:58 PM,"Abhishek",DBM C#,1122,"UI","Startup Time: 5291.48 (ms)"
42,2/10/2017,4:08:59 PM,"Abhishek",DBM C#,1122,"UI","Debug Mode is ON"
43,2/10/2017,4:10:39 PM,"Abhishek",DBM C#,1122,"App","Program Started"
44,2/10/2017,4:10:39 PM,"Abhishek",DBM C#,1122,"Debug","Start up GUI"
45,2/10/2017,4:10:41 PM,"Abhishek",DBM C#,1122,"UI","Startup Time: 5032.98 (ms)"
46,2/10/2017,4:10:41 PM,"Abhishek",DBM C#,1122,"UI","Debug Mode is ON"
47,2/10/2017,4:12:01 PM,"Abhishek",DBM C#,1122,"App","Program Started"
48,2/10/2017,4:12:01 PM,"Abhishek",DBM C#,1122,"Debug","Start up GUI"
49,2/10/2017,4:12:04 PM,"Abhishek",DBM C#,1122,"UI","Startup Time: 4845.57 (ms)"
50,2/10/2017,4:12:04 PM,"Abhishek",DBM C#,1122,"UI","Debug Mode is ON"
51,2/10/2017,4:12:31 PM,"Abhishek",DBM C#,1122,"App","Program Started"
52,2/10/2017,4:12:31 PM,"Abhishek",DBM C#,1122,"Debug","Start up GUI"
53,2/10/2017,4:12:33 PM,"Abhishek",DBM C#,1122,"UI","Startup Time: 4886.19 (ms)"
54,2/10/2017,4:12:33 PM,"Abhishek",DBM C#,1122,"UI","Debug Mode is ON"
55,2/10/2017,4:13:44 PM,"Abhishek",DBM C#,1122,"App","Program Started"
56,2/10/2017,4:13:44 PM,"Abhishek",DBM C#,1122,"Debug","Start up GUI"
57,2/10/2017,4:13:46 PM,"Abhishek",DBM C#,1122,"UI","Startup Time: 4002.56 (ms)"
58,2/10/2017,4:13:47 PM,"Abhishek",DBM C#,1122,"UI","Debug Mode is ON"
59,2/10/2017,4:15:13 PM,"Abhishek",DBM C#,1122,"App","Program Started"
60,2/10/2017,4:15:13 PM,"Abhishek",DBM C#,1122,"Debug","Start up GUI"
61,2/10/2017,4:15:16 PM,"Abhishek",DBM C#,1122,"UI","Startup Time: 5035.35 (ms)"
62,2/10/2017,4:15:16 PM,"Abhishek",DBM C#,1122,"UI","Debug Mode is ON"
63,2/10/2017,4:18:35 PM,"Abhishek",DBM C#,1122,"Aplicaci√≥n","Programa iniciado"
64,2/10/2017,4:18:35 PM,"Abhishek",DBM C#,1122,"Debug","Start up GUI"
65,2/10/2017,4:18:37 PM,"Abhishek",DBM C#,1122,"INTERFAZ DE USUARIO","Startup Time: 4898.59 (ms)"
66,2/10/2017,4:18:37 PM,"Abhishek",DBM C#,1122,"UI","Debug Mode is ON"
67,2/10/2017,4:20:37 PM,"Abhishek",DBM C#,1122,"App","Program Started"
68,2/10/2017,4:20:37 PM,"Abhishek",DBM C#,1122,"Debug","Start up GUI"
69,2/10/2017,4:20:39 PM,"Abhishek",DBM C#,1122,"UI","Startup Time: 5069.93 (ms)"
70,2/10/2017,4:20:40 PM,"Abhishek",DBM C#,1122,"UI","Debug Mode is ON"
71,2/10/2017,4:20:56 PM,"Abhishek",DBM C#,1122,"App","Program Started"
72,2/10/2017,4:20:56 PM,"Abhishek",DBM C#,1122,"Debug","Start up GUI"
73,2/10/2017,4:20:59 PM,"Abhishek",DBM C#,1122,"UI","Startup Time: 5040.09 (ms)"
74,2/10/2017,4:20:59 PM,"Abhishek",DBM C#,1122,"UI","Debug Mode is ON"
75,2/10/2017,4:22:16 PM,"Abhishek",DBM C#,1122,"App","Program Started"
76,2/10/2017,4:22:16 PM,"Abhishek",DBM C#,1122,"Debug","Start up GUI"
77,2/10/2017,4:22:18 PM,"Abhishek",DBM C#,1122,"UI","Startup Time: 4832.11 (ms)"
78,2/10/2017,4:22:19 PM,"Abhishek",DBM C#,1122,"UI","Debug Mode is ON"
79,2/10/2017,4:23:13 PM,"Abhishek",DBM C#,1122,"App","Program Started"
80,2/10/2017,4:23:13 PM,"Abhishek",DBM C#,1122,"Debug","Start up GUI"
81,2/10/2017,4:23:16 PM,"Abhishek",DBM C#,1122,"UI","Startup Time: 4861.15 (ms)"
82,2/10/2017,4:23:16 PM,"Abhishek",DBM C#,1122,"UI","Debug Mode is ON"
83,2/10/2017,4:25:03 PM,"Abhishek",DBM C#,1122,"App","Program Started"
84,2/10/2017,4:25:03 PM,"Abhishek",DBM C#,1122,"Debug","Start up GUI"
85,2/10/2017,4:25:05 PM,"Abhishek",DBM C#,1122,"UI","Startup Time: 5169.41 (ms)"
86,2/10/2017,4:25:05 PM,"Abhishek",DBM C#,1122,"UI","Debug Mode is ON"
87,2/10/2017,4:25:47 PM,"Abhishek",DBM C#,1122,"App","Program Started"
88,2/10/2017,4:25:47 PM,"Abhishek",DBM C#,1122,"Debug","Start up GUI"
89,2/10/2017,4:25:49 PM,"Abhishek",DBM C#,1122,"UI","Startup Time: 4039.98 (ms)"
90,2/10/2017,4:25:49 PM,"Abhishek",DBM C#,1122,"UI","Debug Mode is ON"
91,2/10/2017,4:26:34 PM,"Abhishek",DBM C#,1122,"App","Program Started"
92,2/10/2017,4:26:35 PM,"Abhishek",DBM C#,1122,"Debug","Start up GUI"
93,2/10/2017,4:26:35 PM,"Abhishek",DBM C#,1122,"UI","Startup Time: 316.71 (ms)"
94,2/10/2017,4:26:35 PM,"Abhishek",DBM C#,1122,"UI","Debug Mode is ON"
95,2/10/2017,4:27:48 PM,"Abhishek",DBM C#,1122,"App","Program Started"
96,2/10/2017,4:27:48 PM,"Abhishek",DBM C#,1122,"Debug","Start up GUI"
97,2/10/2017,4:27:50 PM,"Abhishek",DBM C#,1122,"UI","Startup Time: 4869.52 (ms)"
98,2/10/2017,4:27:51 PM,"Abhishek",DBM C#,1122,"UI","Debug Mode is ON"
99,2/10/2017,4:28:07 PM,"Abhishek",DBM C#,1122,"App","Program Started"
100,2/10/2017,4:28:07 PM,"Abhishek",DBM C#,1122,"Debug","Start up GUI"
101,2/10/2017,4:28:09 PM,"Abhishek",DBM C#,1122,"UI","Startup Time: 4846.56 (ms)"
102,2/10/2017,4:28:09 PM,"Abhishek",DBM C#,1122,"UI","Debug Mode is ON"
103,2/10/2017,4:29:10 PM,"Abhishek",DBM C#,1122,"App","Program Started"
104,2/10/2017,4:29:10 PM,"Abhishek",DBM C#,1122,"Debug","Start up GUI"
105,2/10/2017,4:29:12 PM,"Abhishek",DBM C#,1122,"UI","Startup Time: 4905.71 (ms)"
106,2/10/2017,4:29:13 PM,"Abhishek",DBM C#,1122,"UI","Debug Mode is ON"
107,2/10/2017,4:29:49 PM,"Abhishek",DBM C#,1122,"App","Program Started"
108,2/10/2017,4:29:49 PM,"Abhishek",DBM C#,1122,"Debug","Start up GUI"
109,2/10/2017,4:29:52 PM,"Abhishek",DBM C#,1122,"UI","Startup Time: 3946.21 (ms)"
110,2/10/2017,4:29:52 PM,"Abhishek",DBM C#,1122,"UI","Debug Mode is ON"
111,2/10/2017,4:30:33 PM,"Abhishek",DBM C#,1122,"App","Program Started"
112,2/10/2017,4:30:33 PM,"Abhishek",DBM C#,1122,"Debug","Start up GUI"
113,2/10/2017,4:30:35 PM,"Abhishek",DBM C#,1122,"UI","Startup Time: 5104.78 (ms)"
114,2/10/2017,4:30:36 PM,"Abhishek",DBM C#,1122,"UI","Debug Mode is ON"
115,2/10/2017,4:30:56 PM,"Abhishek",DBM C#,1122,"App","Program Started"
116,2/10/2017,4:30:56 PM,"Abhishek",DBM C#,1122,"Debug","Start up GUI"
117,2/10/2017,4:30:56 PM,"Abhishek",DBM C#,1122,"UI","Startup Time: 253.87 (ms)"
118,2/10/2017,4:30:57 PM,"Abhishek",DBM C#,1122,"UI","Debug Mode is ON"
119,2/10/2017,4:33:59 PM,"Abhishek",DBM C#,1122,"App","Program Started"
120,2/10/2017,4:33:59 PM,"Abhishek",DBM C#,1122,"Debug","Start up GUI"
121,2/10/2017,4:34:01 PM,"Abhishek",DBM C#,1122,"UI","Startup Time: 6495.48 (ms)"
122,2/10/2017,4:34:01 PM,"Abhishek",DBM C#,1122,"UI","Debug Mode is ON"
123,2/10/2017,4:34:27 PM,"Abhishek",DBM C#,1122,"App","Program Started"
124,2/10/2017,4:34:27 PM,"Abhishek",DBM C#,1122,"Debug","Start up GUI"
125,2/10/2017,4:34:29 PM,"Abhishek",DBM C#,1122,"UI","Startup Time: 4600.22 (ms)"
126,2/10/2017,4:34:29 PM,"Abhishek",DBM C#,1122,"UI","Debug Mode is ON"
127,2/10/2017,4:36:18 PM,"Abhishek",DBM C#,1122,"App","Program Started"
128,2/10/2017,4:36:18 PM,"Abhishek",DBM C#,1122,"Debug","Start up GUI"
129,2/10/2017,4:36:20 PM,"Abhishek",DBM C#,1122,"UI","Startup Time: 4923.73 (ms)"
130,2/10/2017,4:36:20 PM,"Abhishek",DBM C#,1122,"UI","Debug Mode is ON"
131,2/10/2017,4:37:16 PM,"Abhishek",DBM C#,1122,"App","Program Started"
132,2/10/2017,4:37:17 PM,"Abhishek",DBM C#,1122,"Debug","Start up GUI"
133,2/10/2017,4:37:19 PM,"Abhishek",DBM C#,1122,"UI","Startup Time: 5041.25 (ms)"
134,2/10/2017,4:37:19 PM,"Abhishek",DBM C#,1122,"UI","Debug Mode is ON"
135,2/10/2017,4:38:48 PM,"Abhishek",DBM C#,1122,"App","Program Started"
136,2/10/2017,4:38:48 PM,"Abhishek",DBM C#,1122,"Debug","Start up GUI"
137,2/10/2017,4:38:51 PM,"Abhishek",DBM C#,1122,"UI","Startup Time: 5103.13 (ms)"
138,2/10/2017,4:38:51 PM,"Abhishek",DBM C#,1122,"UI","Debug Mode is ON"
139,2/10/2017,4:41:26 PM,"Abhishek",DBM C#,1122,"App","Program Started"
140,2/10/2017,4:41:26 PM,"Abhishek",DBM C#,1122,"Debug","Start up GUI"
141,2/10/2017,4:41:28 PM,"Abhishek",DBM C#,1122,"UI","Startup Time: 5260.33 (ms)"
142,2/10/2017,4:41:28 PM,"Abhishek",DBM C#,1122,"UI","Debug Mode is ON"
143,2/10/2017,4:43:16 PM,"Abhishek",DBM C#,1122,"App","Program Started"
144,2/10/2017,4:43:16 PM,"Abhishek",DBM C#,1122,"Debug","Start up GUI"
145,2/10/2017,4:43:18 PM,"Abhishek",DBM C#,1122,"UI","Startup Time: 4919.18 (ms)"
146,2/10/2017,4:43:18 PM,"Abhishek",DBM C#,1122,"UI","Debug Mode is ON"
147,2/10/2017,4:44:40 PM,"Abhishek",DBM C#,1122,"App","Program Started"
148,2/10/2017,4:44:40 PM,"Abhishek",DBM C#,1122,"Debug","Start up GUI"
149,2/10/2017,4:44:42 PM,"Abhishek",DBM C#,1122,"UI","Startup Time: 4840.64 (ms)"
150,2/10/2017,4:44:42 PM,"Abhishek",DBM C#,1122,"UI","Debug Mode is ON"
151,2/10/2017,4:58:59 PM,"Abhishek",DBM C#,1122,"App","Program Started"
152,2/10/2017,4:58:59 PM,"Abhishek",DBM C#,1122,"Debug","Start up GUI"
153,2/10/2017,4:59:01 PM,"Abhishek",DBM C#,1122,"UI","Startup Time: 5334.05 (ms)"
154,2/10/2017,4:59:01 PM,"Abhishek",DBM C#,1122,"UI","Debug Mode is ON"
155,2/10/2017,5:12:17 PM,"Abhishek",DBM C#,1122,"App","Program Started"
156,2/10/2017,5:12:17 PM,"Abhishek",DBM C#,1122,"Debug","Start up GUI"
157,2/10/2017,5:12:20 PM,"Abhishek",DBM C#,1122,"UI","Startup Time: 5113.86 (ms)"
158,2/10/2017,5:12:20 PM,"Abhishek",DBM C#,1122,"UI","Debug Mode is ON"
159,2/10/2017,5:18:47 PM,"Abhishek",DBM C#,1122,"App","Program Started"
160,2/10/2017,5:18:48 PM,"Abhishek",DBM C#,1122,"Debug","Start up GUI"
161,2/10/2017,5:18:50 PM,"Abhishek",DBM C#,1122,"UI","Startup Time: 6164.78 (ms)"
162,2/10/2017,5:18:50 PM,"Abhishek",DBM C#,1122,"UI","Debug Mode is ON"
163,2/10/2017,5:24:51 PM,"Abhishek",DBM C#,1122,"App","Program Started"
164,2/10/2017,5:24:51 PM,"Abhishek",DBM C#,1122,"Debug","Start up GUI"
165,2/10/2017,5:24:53 PM,"Abhishek",DBM C#,1122,"UI","Startup Time: 5747.22 (ms)"
166,2/10/2017,5:24:54 PM,"Abhishek",DBM C#,1122,"UI","Debug Mode is ON"
167,2/10/2017,5:26:00 PM,"Abhishek",DBM C#,1122,"App","Program Started"
168,2/10/2017,5:26:00 PM,"Abhishek",DBM C#,1122,"Debug","Start up GUI"
169,2/10/2017,5:26:02 PM,"Abhishek",DBM C#,1122,"UI","Startup Time: 4998.83 (ms)"
170,2/10/2017,5:26:02 PM,"Abhishek",DBM C#,1122,"UI","Debug Mode is ON"
171,2/10/2017,5:26:53 PM,"Abhishek",DBM C#,1122,"App","Program Started"
172,2/10/2017,5:26:53 PM,"Abhishek",DBM C#,1122,"Debug","Start up GUI"
173,2/10/2017,5:26:56 PM,"Abhishek",DBM C#,1122,"UI","Startup Time: 4254.19 (ms)"
174,2/10/2017,5:26:56 PM,"Abhishek",DBM C#,1122,"UI","Debug Mode is ON"
175,2/10/2017,9:48:40 PM,"Abhishek",DBM C#,1122,"App","Program Started"
176,2/10/2017,9:48:40 PM,"Abhishek",DBM C#,1122,"Debug","Start up GUI"
177,2/10/2017,9:48:42 PM,"Abhishek",DBM C#,1122,"UI","Startup Time: 5476.23 (ms)"
178,2/10/2017,9:48:42 PM,"Abhishek",DBM C#,1122,"UI","Debug Mode is ON"
179,2/10/2017,9:55:12 PM,"Abhishek",DBM C#,1122,"App","Program Started"
180,2/10/2017,9:55:12 PM,"Abhishek",DBM C#,1122,"Debug","Start up GUI"
181,2/10/2017,9:55:15 PM,"Abhishek",DBM C#,1122,"UI","Startup Time: 5206.69 (ms)"
182,2/10/2017,9:55:15 PM,"Abhishek",DBM C#,1122,"UI","Debug Mode is ON"
183,2/10/2017,9:55:56 PM,"Abhishek",DBM C#,1122,"App","Program Started"
184,2/10/2017,9:55:56 PM,"Abhishek",DBM C#,1122,"Debug","Start up GUI"
185,2/10/2017,9:55:58 PM,"Abhishek",DBM C#,1122,"UI","Startup Time: 5021.81 (ms)"
186,2/10/2017,9:55:58 PM,"Abhishek",DBM C#,1122,"UI","Debug Mode is ON"
187,2/10/2017,9:57:34 PM,"Abhishek",DBM C#,1122,"App","Program Started"
188,2/10/2017,9:57:34 PM,"Abhishek",DBM C#,1122,"Debug","Start up GUI"
189,2/10/2017,9:57:36 PM,"Abhishek",DBM C#,1122,"UI","Startup Time: 5141.8 (ms)"
190,2/10/2017,9:57:36 PM,"Abhishek",DBM C#,1122,"UI","Debug Mode is ON"
191,2/10/2017,10:02:48 PM,"Abhishek",DBM C#,1122,"App","Program Started"
192,2/10/2017,10:02:48 PM,"Abhishek",DBM C#,1122,"Debug","Start up GUI"
193,2/10/2017,10:02:50 PM,"Abhishek",DBM C#,1122,"UI","Startup Time: 5345.64 (ms)"
194,2/10/2017,10:02:51 PM,"Abhishek",DBM C#,1122,"UI","Debug Mode is ON"
195,2/10/2017,10:12:36 PM,"Abhishek",DBM C#,1122,"App","Program Started"
196,2/10/2017,10:12:36 PM,"Abhishek",DBM C#,1122,"Debug","Start up GUI"
197,2/10/2017,10:12:39 PM,"Abhishek",DBM C#,1122,"UI","Startup Time: 5225.10 (ms)"
198,2/10/2017,10:12:39 PM,"Abhishek",DBM C#,1122,"UI","Debug Mode is ON"
199,2/10/2017,10:16:24 PM,"Abhishek",DBM C#,1122,"App","Program Started"
200,2/10/2017,10:16:24 PM,"Abhishek",DBM C#,1122,"Debug","Start up GUI"
201,2/10/2017,10:16:26 PM,"Abhishek",DBM C#,1122,"UI","Startup Time: 5139.17 (ms)"
202,2/10/2017,10:16:26 PM,"Abhishek",DBM C#,1122,"UI","Debug Mode is ON"
203,2/10/2017,10:17:16 PM,"Abhishek",DBM C#,1122,"App","Program Started"
204,2/10/2017,10:17:16 PM,"Abhishek",DBM C#,1122,"Debug","Start up GUI"
205,2/10/2017,10:17:19 PM,"Abhishek",DBM C#,1122,"UI","Startup Time: 5141.98 (ms)"
206,2/10/2017,10:17:19 PM,"Abhishek",DBM C#,1122,"UI","Debug Mode is ON"
207,2/10/2017,10:20:44 PM,"Abhishek",DBM C#,1122,"App","Program Started"
208,2/10/2017,10:20:44 PM,"Abhishek",DBM C#,1122,"Debug","Start up GUI"
209,2/10/2017,10:20:46 PM,"Abhishek",DBM C#,1122,"UI","Startup Time: 5393.72 (ms)"
210,2/10/2017,10:20:47 PM,"Abhishek",DBM C#,1122,"UI","Debug Mode is ON"
211,2/10/2017,10:21:54 PM,"Abhishek",DBM C#,1122,"App","Program Started"
212,2/10/2017,10:21:54 PM,"Abhishek",DBM C#,1122,"Debug","Start up GUI"
213,2/10/2017,10:21:57 PM,"Abhishek",DBM C#,1122,"UI","Startup Time: 5078.56 (ms)"
214,2/10/2017,10:21:57 PM,"Abhishek",DBM C#,1122,"UI","Debug Mode is ON"
215,2/10/2017,10:22:15 PM,"Abhishek",DBM C#,1122,"App","Program Started"
216,2/10/2017,10:22:15 PM,"Abhishek",DBM C#,1122,"Debug","Start up GUI"
217,2/10/2017,10:22:18 PM,"Abhishek",DBM C#,1122,"UI","Startup Time: 5437.48 (ms)"
218,2/10/2017,10:22:18 PM,"Abhishek",DBM C#,1122,"UI","Debug Mode is ON"
219,2/10/2017,10:22:59 PM,"Abhishek",DBM C#,1122,"App","Program Started"
220,2/10/2017,10:22:59 PM,"Abhishek",DBM C#,1122,"Debug","Start up GUI"
221,2/10/2017,10:23:02 PM,"Abhishek",DBM C#,1122,"UI","Startup Time: 5002.92 (ms)"
222,2/10/2017,10:23:02 PM,"Abhishek",DBM C#,1122,"UI","Debug Mode is ON"
223,2/10/2017,10:25:45 PM,"Abhishek",DBM C#,1122,"App","Program Started"
224,2/10/2017,10:25:45 PM,"Abhishek",DBM C#,1122,"Debug","Start up GUI"
225,2/10/2017,10:25:46 PM,"Abhishek",DBM C#,1122,"UI","Startup Time: 257.53 (ms)"
226,2/10/2017,10:25:46 PM,"Abhishek",DBM C#,1122,"UI","Debug Mode is ON"
227,2/10/2017,10:26:39 PM,"Abhishek",DBM C#,1122,"App","Program Started"
228,2/10/2017,10:26:39 PM,"Abhishek",DBM C#,1122,"Debug","Start up GUI"
229,2/10/2017,10:26:42 PM,"Abhishek",DBM C#,1122,"UI","Startup Time: 5123.18 (ms)"
230,2/10/2017,10:26:42 PM,"Abhishek",DBM C#,1122,"UI","Debug Mode is ON"
231,2/10/2017,10:27:37 PM,"Abhishek",DBM C#,1122,"App","Program Started"
232,2/10/2017,10:27:37 PM,"Abhishek",DBM C#,1122,"Debug","Start up GUI"
233,2/10/2017,10:27:40 PM,"Abhishek",DBM C#,1122,"UI","Startup Time: 5058.02 (ms)"
234,2/10/2017,10:27:40 PM,"Abhishek",DBM C#,1122,"UI","Debug Mode is ON"
235,2/10/2017,10:28:39 PM,"Abhishek",DBM C#,1122,"App","Program Started"
236,2/10/2017,10:28:39 PM,"Abhishek",DBM C#,1122,"Debug","Start up GUI"
237,2/10/2017,10:28:42 PM,"Abhishek",DBM C#,1122,"UI","Startup Time: 5641.77 (ms)"
238,2/10/2017,10:30:31 PM,"Abhishek",DBM C#,1122,"App","Program Started"
239,2/10/2017,10:30:31 PM,"Abhishek",DBM C#,1122,"Debug","Start up GUI"
240,2/10/2017,10:30:33 PM,"Abhishek",DBM C#,1122,"UI","Startup Time: 5201.85 (ms)"
241,2/10/2017,10:34:01 PM,"Abhishek",DBM C#,1122,"App","Program Started"
242,2/10/2017,10:34:01 PM,"Abhishek",DBM C#,1122,"Debug","Start up GUI"
243,2/10/2017,10:34:04 PM,"Abhishek",DBM C#,1122,"UI","Startup Time: 5035.23 (ms)"
244,2/10/2017,10:35:47 PM,"Abhishek",DBM C#,1122,"App","Program Started"
245,2/10/2017,10:35:47 PM,"Abhishek",DBM C#,1122,"Debug","Start up GUI"
246,2/10/2017,10:35:49 PM,"Abhishek",DBM C#,1122,"UI","Startup Time: 5612.67 (ms)"
247,2/10/2017,10:37:38 PM,"Abhishek",DBM C#,1122,"App","Program Started"
248,2/10/2017,10:37:38 PM,"Abhishek",DBM C#,1122,"Debug","Start up GUI"
249,2/10/2017,10:37:40 PM,"Abhishek",DBM C#,1122,"UI","Startup Time: 5002.51 (ms)"
250,2/10/2017,10:38:16 PM,"Abhishek",DBM C#,1122,"App","Program Started"
251,2/10/2017,10:38:16 PM,"Abhishek",DBM C#,1122,"Debug","Start up GUI"
252,2/10/2017,10:38:20 PM,"Abhishek",DBM C#,1122,"App","Program Started"
253,2/10/2017,10:38:20 PM,"Abhishek",DBM C#,1122,"Debug","Start up GUI"
254,2/10/2017,10:38:23 PM,"Abhishek",DBM C#,1122,"UI","Startup Time: 4303.58 (ms)"
255,2/10/2017,10:38:31 PM,"Abhishek",DBM C#,1122,"App","Program Started"
256,2/10/2017,10:38:31 PM,"Abhishek",DBM C#,1122,"Debug","Start up GUI"
257,2/10/2017,10:38:32 PM,"Abhishek",DBM C#,1122,"UI","Startup Time: 1284.17 (ms)"
258,2/10/2017,10:39:11 PM,"Abhishek",DBM C#,1122,"App","Program Started"
259,2/10/2017,10:39:11 PM,"Abhishek",DBM C#,1122,"Debug","Start up GUI"
260,2/10/2017,10:39:14 PM,"Abhishek",DBM C#,1122,"UI","Startup Time: 5074.73 (ms)"
261,2/10/2017,10:42:25 PM,"Abhishek",DBM C#,1122,"App","Program Started"
262,2/10/2017,10:42:25 PM,"Abhishek",DBM C#,1122,"Debug","Start up GUI"
263,2/10/2017,10:42:28 PM,"Abhishek",DBM C#,1122,"UI","Startup Time: 5018.36 (ms)"
264,2/10/2017,10:42:41 PM,"Abhishek",DBM C#,1122,"App","Program Started"
265,2/10/2017,10:42:41 PM,"Abhishek",DBM C#,1122,"Debug","Start up GUI"
266,2/10/2017,10:42:42 PM,"Abhishek",DBM C#,1122,"UI","Startup Time: 1263.17 (ms)"
267,2/11/2017,10:50:02 AM,"Abhishek",DBM C#,1122,"App","Program Started"
268,2/11/2017,10:50:03 AM,"Abhishek",DBM C#,1122,"Debug","Start up GUI"
269,2/11/2017,10:50:05 AM,"Abhishek",DBM C#,1122,"UI","Startup Time: 5306.96 (ms)"
270,2/11/2017,10:52:02 AM,"Abhishek",DBM C#,1122,"App","Program Started"
271,2/11/2017,10:52:02 AM,"Abhishek",DBM C#,1122,"Debug","Start up GUI"
272,2/11/2017,10:52:02 AM,"Abhishek",DBM C#,1122,"UI","Startup Time: 1550.75 (ms)"
273,2/11/2017,11:07:16 AM,"Abhishek",DBM C#,1122,"App","Program Started"
274,2/11/2017,11:07:16 AM,"Abhishek",DBM C#,1122,"Debug","Start up GUI"
275,2/11/2017,11:07:19 AM,"Abhishek",DBM C#,1122,"UI","Startup Time: 5135.69 (ms)"
276,2/11/2017,11:08:04 AM,"Abhishek",DBM C#,1122,"App","Program Started"
277,2/11/2017,11:08:04 AM,"Abhishek",DBM C#,1122,"Debug","Start up GUI"
278,2/11/2017,11:08:06 AM,"Abhishek",DBM C#,1122,"UI","Startup Time: 4836.25 (ms)"
279,2/11/2017,11:10:16 AM,"Abhishek",DBM C#,1122,"App","Program Started"
280,2/11/2017,11:10:16 AM,"Abhishek",DBM C#,1122,"Debug","Start up GUI"
281,2/11/2017,11:10:19 AM,"Abhishek",DBM C#,1122,"UI","Startup Time: 5007.89 (ms)"
282,2/11/2017,11:13:14 AM,"Abhishek",DBM C#,1122,"App","Program Started"
283,2/11/2017,11:13:14 AM,"Abhishek",DBM C#,1122,"Debug","Start up GUI"
284,2/11/2017,11:13:17 AM,"Abhishek",DBM C#,1122,"UI","Startup Time: 4937.51 (ms)"
285,2/11/2017,11:15:17 AM,"Abhishek",DBM C#,1122,"App","Program Started"
286,2/11/2017,11:15:18 AM,"Abhishek",DBM C#,1122,"Debug","Start up GUI"
287,2/11/2017,11:15:20 AM,"Abhishek",DBM C#,1122,"UI","Startup Time: 4976.87 (ms)"
288,2/11/2017,11:15:26 AM,"Abhishek",DBM C#,1122,"App","Program Started"
289,2/11/2017,11:15:27 AM,"Abhishek",DBM C#,1122,"Debug","Start up GUI"
290,2/11/2017,11:15:27 AM,"Abhishek",DBM C#,1122,"UI","Startup Time: 1232.85 (ms)"
291,2/11/2017,11:18:09 AM,"Abhishek",DBM C#,1122,"App","Program Started"
292,2/11/2017,11:18:10 AM,"Abhishek",DBM C#,1122,"Debug","Start up GUI"
293,2/11/2017,11:18:12 AM,"Abhishek",DBM C#,1122,"UI","Startup Time: 5076.61 (ms)"
294,2/11/2017,11:23:30 AM,"Abhishek",DBM C#,1122,"App","Program Started"
295,2/11/2017,11:23:30 AM,"Abhishek",DBM C#,1122,"Debug","Start up GUI"
296,2/11/2017,11:23:32 AM,"Abhishek",DBM C#,1122,"UI","Startup Time: 5054.38 (ms)"
297,2/11/2017,11:29:27 AM,"Abhishek",DBM C#,1122,"App","Program Started"
298,2/11/2017,11:29:27 AM,"Abhishek",DBM C#,1122,"Debug","Start up GUI"
299,2/11/2017,11:29:30 AM,"Abhishek",DBM C#,1122,"UI","Startup Time: 5034.00 (ms)"
300,2/11/2017,11:29:38 AM,"Abhishek",DBM C#,1122,"App","Program Started"
301,2/11/2017,11:29:38 AM,"Abhishek",DBM C#,1122,"Debug","Start up GUI"
302,2/11/2017,11:29:38 AM,"Abhishek",DBM C#,1122,"UI","Startup Time: 1344.36 (ms)"
303,2/11/2017,11:30:06 AM,"Abhishek",DBM C#,1122,"App","Program Started"
304,2/11/2017,11:30:06 AM,"Abhishek",DBM C#,1122,"Debug","Start up GUI"
305,2/11/2017,11:30:09 AM,"Abhishek",DBM C#,1122,"UI","Startup Time: 4972.06 (ms)"
306,2/11/2017,11:31:20 AM,"Abhishek",DBM C#,1122,"App","Program Started"
307,2/11/2017,11:31:20 AM,"Abhishek",DBM C#,1122,"Debug","Start up GUI"
308,2/11/2017,11:31:22 AM,"Abhishek",DBM C#,1122,"UI","Startup Time: 4992.02 (ms)"
309,2/11/2017,11:32:04 AM,"Abhishek",DBM C#,1122,"App","Program Started"
310,2/11/2017,11:32:04 AM,"Abhishek",DBM C#,1122,"Debug","Start up GUI"
311,2/11/2017,11:32:07 AM,"Abhishek",DBM C#,1122,"UI","Startup Time: 5261.72 (ms)"
312,2/11/2017,11:33:32 AM,"Abhishek",DBM C#,1122,"App","Program Started"
313,2/11/2017,11:33:32 AM,"Abhishek",DBM C#,1122,"Debug","Start up GUI"
314,2/11/2017,11:33:35 AM,"Abhishek",DBM C#,1122,"UI","Startup Time: 5007.56 (ms)"
315,2/11/2017,11:33:59 AM,"Abhishek",DBM C#,1122,"App","Program Started"
316,2/11/2017,11:34:00 AM,"Abhishek",DBM C#,1122,"Debug","Start up GUI"
317,2/11/2017,11:34:02 AM,"Abhishek",DBM C#,1122,"UI","Startup Time: 4945.51 (ms)"
318,2/11/2017,11:34:42 AM,"Abhishek",DBM C#,1122,"App","Program Started"
319,2/11/2017,11:34:42 AM,"Abhishek",DBM C#,1122,"Debug","Start up GUI"
320,2/11/2017,11:34:44 AM,"Abhishek",DBM C#,1122,"UI","Startup Time: 4898.70 (ms)"
321,2/11/2017,11:35:17 AM,"Abhishek",DBM C#,1122,"App","Program Started"
322,2/11/2017,11:35:17 AM,"Abhishek",DBM C#,1122,"Debug","Start up GUI"
323,2/11/2017,11:35:20 AM,"Abhishek",DBM C#,1122,"UI","Startup Time: 5121.26 (ms)"
324,2/11/2017,11:36:25 AM,"Abhishek",DBM C#,1122,"App","Program Started"
325,2/11/2017,11:36:25 AM,"Abhishek",DBM C#,1122,"Debug","Start up GUI"
326,2/11/2017,11:36:27 AM,"Abhishek",DBM C#,1122,"UI","Startup Time: 4882.18 (ms)"
327,2/11/2017,11:37:22 AM,"Abhishek",DBM C#,1122,"App","Program Started"
328,2/11/2017,11:37:22 AM,"Abhishek",DBM C#,1122,"Debug","Start up GUI"
329,2/11/2017,11:37:25 AM,"Abhishek",DBM C#,1122,"UI","Startup Time: 4964.60 (ms)"
330,2/11/2017,11:38:22 AM,"Abhishek",DBM C#,1122,"App","Program Started"
331,2/11/2017,11:38:22 AM,"Abhishek",DBM C#,1122,"Debug","Start up GUI"
332,2/11/2017,11:38:24 AM,"Abhishek",DBM C#,1122,"UI","Startup Time: 4881.30 (ms)"
333,2/11/2017,11:41:11 AM,"Abhishek",DBM C#,1122,"App","Program Started"
334,2/11/2017,11:41:11 AM,"Abhishek",DBM C#,1122,"Debug","Start up GUI"
335,2/11/2017,11:41:14 AM,"Abhishek",DBM C#,1122,"UI","Startup Time: 8780.12 (ms)"
336,2/11/2017,11:41:25 AM,"Abhishek",DBM C#,1122,"App","Program Started"
337,2/11/2017,11:41:25 AM,"Abhishek",DBM C#,1122,"Debug","Start up GUI"
338,2/11/2017,11:41:26 AM,"Abhishek",DBM C#,1122,"UI","Startup Time: 663.42 (ms)"
339,2/11/2017,11:44:49 AM,"Abhishek",DBM C#,1122,"App","Program Started"
340,2/11/2017,11:44:49 AM,"Abhishek",DBM C#,1122,"Debug","Start up GUI"
341,2/11/2017,11:44:52 AM,"Abhishek",DBM C#,1122,"UI","Startup Time: 5254.94 (ms)"
342,2/11/2017,11:45:42 AM,"Abhishek",DBM C#,1122,"App","Program Started"
343,2/11/2017,11:45:42 AM,"Abhishek",DBM C#,1122,"Debug","Start up GUI"
344,2/11/2017,11:45:44 AM,"Abhishek",DBM C#,1122,"UI","Startup Time: 4899.54 (ms)"
345,2/11/2017,11:45:55 AM,"Abhishek",DBM C#,1122,"App","Program Started"
346,2/11/2017,11:45:55 AM,"Abhishek",DBM C#,1122,"Debug","Start up GUI"
347,2/11/2017,11:45:56 AM,"Abhishek",DBM C#,1122,"UI","Startup Time: 1356.42 (ms)"
348,2/11/2017,11:51:36 AM,"Abhishek",DBM C#,1122,"App","Program Started"
349,2/11/2017,11:51:36 AM,"Abhishek",DBM C#,1122,"Debug","Start up GUI"
350,2/11/2017,11:51:38 AM,"Abhishek",DBM C#,1122,"UI","Startup Time: 5079.87 (ms)"
351,2/11/2017,11:55:10 AM,"Abhishek",DBM C#,1122,"App","Program Started"
352,2/11/2017,11:55:10 AM,"Abhishek",DBM C#,1122,"Debug","Start up GUI"
353,2/11/2017,11:55:13 AM,"Abhishek",DBM C#,1122,"UI","Startup Time: 4976.26 (ms)"
354,2/11/2017,11:55:57 AM,"Abhishek",DBM C#,1122,"App","Program Started"
355,2/11/2017,11:55:57 AM,"Abhishek",DBM C#,1122,"Debug","Start up GUI"
356,2/11/2017,11:56:00 AM,"Abhishek",DBM C#,1122,"UI","Startup Time: 5575.94 (ms)"
357,2/11/2017,11:56:52 AM,"Abhishek",DBM C#,1122,"App","Program Started"
358,2/11/2017,11:56:52 AM,"Abhishek",DBM C#,1122,"Debug","Start up GUI"
359,2/11/2017,11:56:55 AM,"Abhishek",DBM C#,1122,"UI","Startup Time: 5214.21 (ms)"
360,2/11/2017,11:57:02 AM,"Abhishek",DBM C#,1122,"App","Program Started"
361,2/11/2017,11:57:02 AM,"Abhishek",DBM C#,1122,"Debug","Start up GUI"
362,2/11/2017,11:57:02 AM,"Abhishek",DBM C#,1122,"UI","Startup Time: 1254.01 (ms)"
363,2/11/2017,12:02:19 PM,"Abhishek",DBM C#,1122,"App","Program Started"
364,2/11/2017,12:02:19 PM,"Abhishek",DBM C#,1122,"Debug","Start up GUI"
365,2/11/2017,12:02:22 PM,"Abhishek",DBM C#,1122,"UI","Startup Time: 5223.68 (ms)"
366,2/11/2017,12:02:43 PM,"Abhishek",DBM C#,1122,"App","Program Started"
367,2/11/2017,12:02:43 PM,"Abhishek",DBM C#,1122,"Debug","Start up GUI"
368,2/11/2017,12:02:45 PM,"Abhishek",DBM C#,1122,"UI","Startup Time: 5132.18 (ms)"
369,2/11/2017,12:05:43 PM,"Abhishek",DBM C#,1122,"App","Program Started"
370,2/11/2017,12:05:43 PM,"Abhishek",DBM C#,1122,"Debug","Start up GUI"
371,2/11/2017,12:05:46 PM,"Abhishek",DBM C#,1122,"UI","Startup Time: 5560.99 (ms)"
372,2/11/2017,12:05:53 PM,"Abhishek",DBM C#,1122,"App","Program Started"
373,2/11/2017,12:05:53 PM,"Abhishek",DBM C#,1122,"Debug","Start up GUI"
374,2/11/2017,12:05:53 PM,"Abhishek",DBM C#,1122,"UI","Startup Time: 1368.06 (ms)"
375,2/11/2017,12:07:43 PM,"Abhishek",DBM C#,1122,"App","Program Started"
376,2/11/2017,12:07:43 PM,"Abhishek",DBM C#,1122,"Debug","Start up GUI"
377,2/11/2017,12:07:45 PM,"Abhishek",DBM C#,1122,"UI","Startup Time: 5083.24 (ms)"
378,2/11/2017,12:07:48 PM,"Abhishek",DBM C#,1122,"PopUp","5827"
379,2/11/2017,12:07:53 PM,"Abhishek",DBM C#,1122,"App","Program Started"
380,2/11/2017,12:07:53 PM,"Abhishek",DBM C#,1122,"Debug","Start up GUI"
381,2/11/2017,12:07:54 PM,"Abhishek",DBM C#,1122,"UI","Startup Time: 1147.32 (ms)"
382,2/11/2017,12:07:55 PM,"Abhishek",DBM C#,1122,"PopUp","1335"
383,2/11/2017,12:10:55 PM,"Abhishek",DBM C#,1122,"App","Program Started"
384,2/11/2017,12:10:55 PM,"Abhishek",DBM C#,1122,"Debug","Start up GUI"
385,2/11/2017,12:10:58 PM,"Abhishek",DBM C#,1122,"UI","Startup Time: 5389.94 (ms)"
386,2/11/2017,12:10:59 PM,"Abhishek",DBM C#,1122,"PopUp","6151"
387,2/11/2017,12:12:13 PM,"Abhishek",DBM C#,1122,"App","Program Started"
388,2/11/2017,12:12:14 PM,"Abhishek",DBM C#,1122,"Debug","Start up GUI"
389,2/11/2017,12:12:16 PM,"Abhishek",DBM C#,1122,"UI","Startup Time: 5145.00 (ms)"
390,2/11/2017,12:12:28 PM,"Abhishek",DBM C#,1122,"PopUp","5913"
391,2/11/2017,12:15:19 PM,"Abhishek",DBM C#,1122,"App","Program Started"
392,2/11/2017,12:15:19 PM,"Abhishek",DBM C#,1122,"Debug","Start up GUI"
393,2/11/2017,12:15:21 PM,"Abhishek",DBM C#,1122,"UI","Startup Time: 5091.57 (ms)"
394,2/11/2017,12:15:23 PM,"Abhishek",DBM C#,1122,"PopUp","5732"
395,2/11/2017,12:16:15 PM,"Abhishek",DBM C#,1122,"App","Program Started"
396,2/11/2017,12:16:15 PM,"Abhishek",DBM C#,1122,"Debug","Start up GUI"
397,2/11/2017,12:16:17 PM,"Abhishek",DBM C#,1122,"UI","Startup Time: 4920.64 (ms)"
398,2/11/2017,12:16:21 PM,"Abhishek",DBM C#,1122,"PopUp","5540"
399,2/11/2017,12:16:57 PM,"Abhishek",DBM C#,1122,"App","Program Started"
400,2/11/2017,12:16:57 PM,"Abhishek",DBM C#,1122,"Debug","Start up GUI"
401,2/11/2017,12:16:59 PM,"Abhishek",DBM C#,1122,"UI","Startup Time: 4863.65 (ms)"
402,2/11/2017,12:17:38 PM,"Abhishek",DBM C#,1122,"PopUp","5498"
403,2/11/2017,12:18:10 PM,"Abhishek",DBM C#,1122,"App","Program Started"
404,2/11/2017,12:18:10 PM,"Abhishek",DBM C#,1122,"Debug","Start up GUI"
405,2/11/2017,12:18:13 PM,"Abhishek",DBM C#,1122,"UI","Startup Time: 4941.73 (ms)"
406,2/11/2017,12:18:15 PM,"Abhishek",DBM C#,1122,"PopUp","5611"
407,2/11/2017,12:18:36 PM,"Abhishek",DBM C#,1122,"App","Program Started"
408,2/11/2017,12:18:36 PM,"Abhishek",DBM C#,1122,"Debug","Start up GUI"
409,2/11/2017,12:18:38 PM,"Abhishek",DBM C#,1122,"UI","Startup Time: 4923.11 (ms)"
410,2/11/2017,12:18:40 PM,"Abhishek",DBM C#,1122,"PopUp","5591"
411,2/11/2017,12:51:54 PM,"Abhishek",DBM C#,1122,"App","Program Started"
412,2/11/2017,12:51:54 PM,"Abhishek",DBM C#,1122,"Debug","Start up GUI"
413,2/11/2017,12:51:56 PM,"Abhishek",DBM C#,1122,"UI","Startup Time: 5198.89 (ms)"
414,2/11/2017,12:51:59 PM,"Abhishek",DBM C#,1122,"PopUp","5892"
415,2/11/2017,12:55:03 PM,"Abhishek",DBM C#,1122,"App","Program Started"
416,2/11/2017,12:55:03 PM,"Abhishek",DBM C#,1122,"Debug","Start up GUI"
417,2/11/2017,12:55:05 PM,"Abhishek",DBM C#,1122,"UI","Startup Time: 4111.62 (ms)"
418,2/11/2017,12:55:07 PM,"Abhishek",DBM C#,1122,"PopUp","4783"
419,2/11/2017,12:55:32 PM,"Abhishek",DBM C#,1122,"App","Program Started"
420,2/11/2017,12:55:32 PM,"Abhishek",DBM C#,1122,"Debug","Start up GUI"
421,2/11/2017,12:55:33 PM,"Abhishek",DBM C#,1122,"UI","Startup Time: 1249.99 (ms)"
422,2/11/2017,12:55:34 PM,"Abhishek",DBM C#,1122,"PopUp","1375"
423,2/11/2017,1:04:39 PM,"Abhishek",DBM C#,1122,"App","Program Started"
424,2/11/2017,1:04:39 PM,"Abhishek",DBM C#,1122,"Debug","Start up GUI"
425,2/11/2017,1:04:41 PM,"Abhishek",DBM C#,1122,"UI","Startup Time: 5386.04 (ms)"
426,2/11/2017,1:09:14 PM,"Abhishek",DBM C#,1122,"App","Program Started"
427,2/11/2017,1:09:14 PM,"Abhishek",DBM C#,1122,"Debug","Start up GUI"
428,2/11/2017,1:09:16 PM,"Abhishek",DBM C#,1122,"UI","Startup Time: 5076.48 (ms)"
429,2/11/2017,4:56:02 PM,"Abhishek",DBM C#,1122,"App","Program Started"
430,2/11/2017,4:56:02 PM,"Abhishek",DBM C#,1122,"Debug","Start up GUI"
431,2/11/2017,4:56:04 PM,"Abhishek",DBM C#,1122,"UI","Startup Time: 5299.54 (ms)"
432,2/11/2017,4:57:12 PM,"Abhishek",DBM C#,1122,"App","Program Started"
433,2/11/2017,4:57:12 PM,"Abhishek",DBM C#,1122,"Debug","Start up GUI"
434,2/11/2017,4:57:15 PM,"Abhishek",DBM C#,1122,"UI","Startup Time: 4885.15 (ms)"
435,2/11/2017,4:57:42 PM,"Abhishek",DBM C#,1122,"App","Program Started"
436,2/11/2017,4:57:42 PM,"Abhishek",DBM C#,1122,"Debug","Start up GUI"
437,2/11/2017,4:57:45 PM,"Abhishek",DBM C#,1122,"UI","Startup Time: 4825.27 (ms)"
438,2/11/2017,5:01:06 PM,"Abhishek",DBM C#,1122,"App","Program Started"
439,2/11/2017,5:01:06 PM,"Abhishek",DBM C#,1122,"Debug","Start up GUI"
440,2/11/2017,5:01:08 PM,"Abhishek",DBM C#,1122,"UI","Startup Time: 4881.79 (ms)"
441,2/11/2017,5:01:31 PM,"Abhishek",DBM C#,1122,"App","Program Started"
442,2/11/2017,5:01:31 PM,"Abhishek",DBM C#,1122,"Debug","Start up GUI"
443,2/11/2017,5:01:33 PM,"Abhishek",DBM C#,1122,"UI","Startup Time: 4043.03 (ms)"
444,2/11/2017,5:02:26 PM,"Abhishek",DBM C#,1122,"App","Program Started"
445,2/11/2017,5:02:26 PM,"Abhishek",DBM C#,1122,"Debug","Start up GUI"
446,2/11/2017,5:02:29 PM,"Abhishek",DBM C#,1122,"UI","Startup Time: 4989.14 (ms)"
447,2/11/2017,5:03:13 PM,"Abhishek",DBM C#,1122,"App","Program Started"
448,2/11/2017,5:03:13 PM,"Abhishek",DBM C#,1122,"Debug","Start up GUI"
449,2/11/2017,5:03:16 PM,"Abhishek",DBM C#,1122,"UI","Startup Time: 4836.54 (ms)"
450,2/11/2017,5:08:29 PM,"Abhishek",DBM C#,1122,"App","Program Started"
451,2/11/2017,5:08:29 PM,"Abhishek",DBM C#,1122,"Debug","Start up GUI"
452,2/11/2017,5:08:32 PM,"Abhishek",DBM C#,1122,"UI","Startup Time: 5166.32 (ms)"
453,2/11/2017,5:09:35 PM,"Abhishek",DBM C#,1122,"App","Program Started"
454,2/11/2017,5:09:35 PM,"Abhishek",DBM C#,1122,"Debug","Start up GUI"
455,2/11/2017,5:09:38 PM,"Abhishek",DBM C#,1122,"UI","Startup Time: 4791.54 (ms)"
456,2/11/2017,5:11:07 PM,"Abhishek",DBM C#,1122,"App","Program Started"
457,2/11/2017,5:11:07 PM,"Abhishek",DBM C#,1122,"Debug","Start up GUI"
458,2/11/2017,5:11:09 PM,"Abhishek",DBM C#,1122,"UI","Startup Time: 4790.90 (ms)"
459,2/11/2017,5:11:10 PM,"Abhishek",DBM C#,1122,"UI","5427"
460,2/11/2017,5:11:44 PM,"Abhishek",DBM C#,1122,"App","Program Started"
461,2/11/2017,5:11:45 PM,"Abhishek",DBM C#,1122,"Debug","Start up GUI"
462,2/11/2017,5:11:45 PM,"Abhishek",DBM C#,1122,"UI","Startup Time: 1420.07 (ms)"
463,2/11/2017,5:11:46 PM,"Abhishek",DBM C#,1122,"UI","1871"
464,2/11/2017,5:23:36 PM,"Abhishek",DBM C#,1122,"App","Program Started"
465,2/11/2017,5:23:36 PM,"Abhishek",DBM C#,1122,"Debug","Start up GUI"
466,2/11/2017,5:23:38 PM,"Abhishek",DBM C#,1122,"UI","Startup Time: 5104.38 (ms)"
467,2/11/2017,5:23:39 PM,"Abhishek",DBM C#,1122,"UI","5708"
468,2/11/2017,5:25:36 PM,"Abhishek",DBM C#,1122,"App","Program Started"
469,2/11/2017,5:25:36 PM,"Abhishek",DBM C#,1122,"Debug","Start up GUI"
470,2/11/2017,5:25:36 PM,"Abhishek",DBM C#,1122,"UI","Startup Time: 1253.70 (ms)"
471,2/11/2017,5:25:36 PM,"Abhishek",DBM C#,1122,"UI","1380"
472,2/12/2017,1:39:34 PM,"Abhishek",DBM C#,1122,"App","Program Started"
473,2/12/2017,1:39:35 PM,"Abhishek",DBM C#,1122,"Debug","Start up GUI"
474,2/12/2017,1:39:37 PM,"Abhishek",DBM C#,1122,"UI","Startup Time: 5149.39 (ms)"
475,2/12/2017,1:39:38 PM,"Abhishek",DBM C#,1122,"UI","5706"
476,2/12/2017,1:51:07 PM,"Abhishek",DBM C#,1122,"App","Program Started"
477,2/12/2017,1:51:07 PM,"Abhishek",DBM C#,1122,"Debug","Start up GUI"
478,2/12/2017,1:51:09 PM,"Abhishek",DBM C#,1122,"UI","Startup Time: 4935.42 (ms)"
479,2/12/2017,1:51:10 PM,"Abhishek",DBM C#,1122,"UI","5574"
480,2/12/2017,1:52:50 PM,"Abhishek",DBM C#,1122,"App","Program Started"
481,2/12/2017,1:52:50 PM,"Abhishek",DBM C#,1122,"Debug","Start up GUI"
482,2/12/2017,1:52:53 PM,"Abhishek",DBM C#,1122,"UI","Startup Time: 4193.25 (ms)"
483,2/12/2017,1:52:53 PM,"Abhishek",DBM C#,1122,"UI","4854"
484,2/12/2017,1:53:51 PM,"Abhishek",DBM C#,1122,"App","Program Started"
485,2/12/2017,1:53:51 PM,"Abhishek",DBM C#,1122,"Debug","Start up GUI"
486,2/12/2017,1:53:53 PM,"Abhishek",DBM C#,1122,"UI","Startup Time: 4885.66 (ms)"
487,2/12/2017,1:53:54 PM,"Abhishek",DBM C#,1122,"UI","5574"
488,2/12/2017,6:57:07 PM,"Abhishek",DBM C#,1122,"App","Program Started"
489,2/12/2017,6:57:07 PM,"Abhishek",DBM C#,1122,"Debug","Start up GUI"
490,2/12/2017,6:57:10 PM,"Abhishek",DBM C#,1122,"UI","Startup Time: 5419.15 (ms)"
491,2/12/2017,6:57:10 PM,"Abhishek",DBM C#,1122,"UI","6045"
492,2/12/2017,7:03:59 PM,"Abhishek",DBM C#,1122,"App","Program Started"
493,2/12/2017,7:03:59 PM,"Abhishek",DBM C#,1122,"Debug","Start up GUI"
494,2/12/2017,7:04:01 PM,"Abhishek",DBM C#,1122,"UI","Startup Time: 4981.41 (ms)"
495,2/12/2017,7:04:02 PM,"Abhishek",DBM C#,1122,"UI","5656"
496,2/12/2017,7:09:10 PM,"Abhishek",DBM C#,1122,"App","Program Started"
497,2/12/2017,7:09:10 PM,"Abhishek",DBM C#,1122,"Debug","Start up GUI"
498,2/12/2017,7:09:13 PM,"Abhishek",DBM C#,1122,"UI","Startup Time: 4052.5 (ms)"
499,2/12/2017,7:09:13 PM,"Abhishek",DBM C#,1122,"UI","4709"
500,2/12/2017,7:17:07 PM,"Abhishek",DBM C#,1122,"App","Program Started"
501,2/12/2017,7:17:07 PM,"Abhishek",DBM C#,1122,"Debug","Start up GUI"
502,2/12/2017,7:17:10 PM,"Abhishek",DBM C#,1122,"UI","Startup Time: 5875.50 (ms)"
503,2/12/2017,7:17:10 PM,"Abhishek",DBM C#,1122,"UI","6542"
504,2/12/2017,9:00:55 PM,"Abhishek",DBM C#,1122,"App","Program Started"
505,2/12/2017,9:00:55 PM,"Abhishek",DBM C#,1122,"Debug","Start up GUI"
506,2/12/2017,9:00:57 PM,"Abhishek",DBM C#,1122,"UI","Startup Time: 5830.58 (ms)"
507,2/12/2017,9:00:58 PM,"Abhishek",DBM C#,1122,"UI","6442"
